ordinal,round,target_id,setup_seconds,setup_outcome,call_seconds,call_outcome,teardown_seconds,teardown_outcome,connect_count,connect_seconds,create_database_count,create_database_seconds,drop_database_count,drop_database_seconds,migrate_transaction_count,migrate_transaction_seconds,seed_transaction_count,seed_transaction_seconds,grant_count,grant_seconds
1,1,tests/test_plan_revision.py::test_after_artifact_and_terminal_run_outbox_atomic_recovery_no_new_call,0.705519,passed,0.234815,passed,0.00724,passed,52,0.095893,1,0.019547,1,0.003276,1,0.068134,1,0.011122,33,0.006231
2,1,tests/test_preparation.py::test_unassigned_or_wrong_role_grant_is_not_authority,0.144703,passed,0.103553,passed,0.010462,passed,21,0.039157,1,0.011116,1,0.007009,1,0.064732,1,0.009768,31,0.003512
3,1,tests/test_preparation.py::test_unassigned_or_wrong_role_grant_is_not_authority,0.159988,passed,0.10951,passed,0.008855,passed,21,0.047548,1,0.010611,1,0.004443,1,0.062121,1,0.014385,31,0.007912
4,1,tests/test_preparation.py::test_unassigned_or_wrong_role_grant_is_not_authority,0.139856,passed,0.086961,passed,0.006526,passed,21,0.036804,1,0.011711,1,0.002975,1,0.063978,1,0.012838,31,0.003387
5,2,tests/test_plan_revision.py::test_after_artifact_and_terminal_run_outbox_atomic_recovery_no_new_call,0.135078,passed,0.230076,passed,0.006294,passed,51,0.087287,1,0.010341,1,0.003004,1,0.061632,1,0.012576,33,0.004
6,2,tests/test_preparation.py::test_unassigned_or_wrong_role_grant_is_not_authority,0.138059,passed,0.140365,passed,0.006521,passed,21,0.078457,1,0.011831,1,0.003091,1,0.064067,1,0.009242,31,0.005754
7,2,tests/test_preparation.py::test_unassigned_or_wrong_role_grant_is_not_authority,0.139101,passed,0.085327,passed,0.006688,passed,21,0.036752,1,0.013081,1,0.003069,1,0.06356,1,0.009373,31,0.005779
8,2,tests/test_preparation.py::test_unassigned_or_wrong_role_grant_is_not_authority,0.137046,passed,0.090083,passed,0.006686,passed,21,0.036902,1,0.011354,1,0.003104,1,0.066187,1,0.008974,31,0.003339
9,3,tests/test_plan_revision.py::test_after_artifact_and_terminal_run_outbox_atomic_recovery_no_new_call,0.132454,passed,0.222889,passed,0.006285,passed,51,0.08747,1,0.01019,1,0.002923,1,0.060878,1,0.00928,33,0.003764
10,3,tests/test_preparation.py::test_unassigned_or_wrong_role_grant_is_not_authority,0.134722,passed,0.093109,passed,0.006437,passed,21,0.037456,1,0.010244,1,0.002852,1,0.064908,1,0.008963,31,0.003383
11,3,tests/test_preparation.py::test_unassigned_or_wrong_role_grant_is_not_authority,0.132868,passed,0.096778,passed,0.007467,passed,21,0.042033,1,0.01073,1,0.003635,1,0.059274,1,0.012631,31,0.003372
12,3,tests/test_preparation.py::test_unassigned_or_wrong_role_grant_is_not_authority,0.148988,passed,0.093737,passed,0.008234,passed,21,0.040241,1,0.017413,1,0.004452,1,0.065685,1,0.013213,31,0.003586
13,4,tests/test_plan_revision.py::test_after_artifact_and_terminal_run_outbox_atomic_recovery_no_new_call,0.14727,passed,0.27439,passed,0.00675,passed,51,0.101739,1,0.012278,1,0.003253,1,0.072755,1,0.009134,33,0.004332
14,4,tests/test_preparation.py::test_unassigned_or_wrong_role_grant_is_not_authority,0.139234,passed,0.095781,passed,0.006417,passed,21,0.04104,1,0.01135,1,0.002918,1,0.06424,1,0.009439,31,0.005723
15,4,tests/test_preparation.py::test_unassigned_or_wrong_role_grant_is_not_authority,0.140812,passed,0.091634,passed,0.00627,passed,21,0.038237,1,0.012025,1,0.002784,1,0.065233,1,0.009646,31,0.005643
16,4,tests/test_preparation.py::test_unassigned_or_wrong_role_grant_is_not_authority,0.14775,passed,0.089504,passed,0.006417,passed,21,0.038874,1,0.011543,1,0.002941,1,0.066483,1,0.00934,31,0.005854
17,5,tests/test_plan_revision.py::test_after_artifact_and_terminal_run_outbox_atomic_recovery_no_new_call,0.140381,passed,0.235959,passed,0.006484,passed,51,0.094947,1,0.012116,1,0.003074,1,0.064816,1,0.009868,33,0.006186
18,5,tests/test_preparation.py::test_unassigned_or_wrong_role_grant_is_not_authority,0.131458,passed,0.086902,passed,0.006379,passed,21,0.038597,1,0.010089,1,0.002952,1,0.059931,1,0.008868,31,0.005601
19,5,tests/test_preparation.py::test_unassigned_or_wrong_role_grant_is_not_authority,0.138772,passed,0.082753,passed,0.005924,passed,21,0.036681,1,0.010728,1,0.00284,1,0.060821,1,0.012573,31,0.004078
20,5,tests/test_preparation.py::test_unassigned_or_wrong_role_grant_is_not_authority,0.198635,passed,0.086062,passed,0.006347,passed,21,0.036652,1,0.010565,1,0.002887,1,0.069601,1,0.009548,31,0.003444
21,6,tests/test_plan_revision.py::test_after_artifact_and_terminal_run_outbox_atomic_recovery_no_new_call,0.136082,passed,0.231091,passed,0.007049,passed,51,0.090181,1,0.010117,1,0.003164,1,0.063521,1,0.009324,33,0.006281
22,6,tests/test_preparation.py::test_unassigned_or_wrong_role_grant_is_not_authority,0.138902,passed,0.091065,passed,0.006864,passed,21,0.04046,1,0.011615,1,0.003218,1,0.064626,1,0.009277,31,0.005815
23,6,tests/test_preparation.py::test_unassigned_or_wrong_role_grant_is_not_authority,0.13839,passed,0.088896,passed,0.006227,passed,21,0.034621,1,0.01003,1,0.002927,1,0.065817,1,0.012368,31,0.003525
24,6,tests/test_preparation.py::test_unassigned_or_wrong_role_grant_is_not_authority,0.128656,passed,0.08734,passed,0.006607,passed,21,0.033877,1,0.009896,1,0.003067,1,0.061796,1,0.008641,31,0.003266
25,7,tests/test_plan_revision.py::test_after_artifact_and_terminal_run_outbox_atomic_recovery_no_new_call,0.131293,passed,0.223359,passed,0.006462,passed,51,0.081931,1,0.01054,1,0.003093,1,0.062485,1,0.008813,33,0.004093
26,7,tests/test_preparation.py::test_unassigned_or_wrong_role_grant_is_not_authority,0.132759,passed,0.086108,passed,0.006441,passed,21,0.033819,1,0.01008,1,0.003015,1,0.059375,1,0.012594,31,0.003212
27,7,tests/test_preparation.py::test_unassigned_or_wrong_role_grant_is_not_authority,0.132939,passed,0.088431,passed,0.006109,passed,21,0.035116,1,0.010162,1,0.002876,1,0.059845,1,0.012613,31,0.003384
28,7,tests/test_preparation.py::test_unassigned_or_wrong_role_grant_is_not_authority,0.140216,passed,0.093368,passed,0.00644,passed,21,0.037085,1,0.010645,1,0.002897,1,0.065435,1,0.009467,31,0.005857
29,8,tests/test_plan_revision.py::test_after_artifact_and_terminal_run_outbox_atomic_recovery_no_new_call,0.137821,passed,0.215289,passed,0.006508,passed,51,0.082157,1,0.010202,1,0.003237,1,0.06496,1,0.009074,33,0.006413
30,8,tests/test_preparation.py::test_unassigned_or_wrong_role_grant_is_not_authority,0.133212,passed,0.102499,passed,0.007502,passed,21,0.0368,1,0.010398,1,0.003692,1,0.060293,1,0.013376,31,0.003332
31,8,tests/test_preparation.py::test_unassigned_or_wrong_role_grant_is_not_authority,0.153487,passed,0.108246,passed,0.006622,passed,21,0.039179,1,0.015794,1,0.003184,1,0.071956,1,0.01302,31,0.003457
32,8,tests/test_preparation.py::test_unassigned_or_wrong_role_grant_is_not_authority,0.136347,passed,0.105613,passed,0.013715,passed,21,0.042175,1,0.011633,1,0.005136,1,0.064666,1,0.009017,31,0.003473
